Type,Name,Request Count,Failure Count,Median Response Time,Average Response Time,Min Response Time,Max Response Time,Average Content Size,Requests/s,Failures/s,50%,66%,75%,80%,90%,95%,98%,99%,99.9%,99.99%,100%
GET,/faces,5,0,16000.0,16329.203899999999,14863.8977,18230.4715,12417.0,0.09156142443043776,0.0,16000,17000,17000,18000,18000,18000,18000,18000,18000,18000,18000
GET,/health,20,0,15000.0,13084.483375,12.914800000000781,19387.820200000002,15.0,0.36624569772175103,0.0,15000,16000,17000,17000,19000,19000,19000,19000,19000,19000,19000
POST,/recognition,5,0,16000.0,10190.671460000001,50.91849999999809,18138.077,261.0,0.09156142443043776,0.0,16000,17000,17000,18000,18000,18000,18000,18000,18000,18000,18000
POST,/register,3,0,30000.0,28695.289066666668,20249.303499999998,35468.064399999996,137.0,0.05493685465826265,0.0,30000,30000,35000,35000,35000,35000,35000,35000,35000,35000,35000
,Aggregated,33,0,16000.0,14556.815499999997,12.914800000000781,35468.064399999996,1942.4545454545455,0.6043054012408892,0.0,16000,17000,17000,18000,19000,30000,35000,35000,35000,35000,35000
